variant_id,fst,snp_pc1_distance
rs11913160,0.4751254383076286,14.490388101657523
rs6009017,0.4253172428803504,15.2357580517264
rs134309,0.4047170986845809,51.91768274680797
rs73884123,0.4040955517436834,13.847111080748117
rs73400090,0.39225213561364,11.790756007340365
rs5996422,0.3625360705716681,29.166455393567443
rs28591484,0.35419625975407865,23.353110831183233
rs1892709,0.3495449724337623,11.800287312427816
rs5757590,0.3482881856457078,23.326976848965558
rs5759103,0.3347923142638602,23.870782880165304
rs5749473,0.3264387213741886,14.614608535056894
rs6002556,0.3225198056334267,33.05411731393752
rs5769761,0.32120457610848036,41.716486146840595
rs6009330,0.3165160816304238,27.882530323144056
rs5996945,0.31256566359038374,17.121572424686164
rs2065061,0.30801661161777444,9.057032385648895
rs34175429,0.30596216490680933,19.121109002617438
rs9624835,0.304550394086099,17.10739306316116
rs5757633,0.30212136521678923,43.856874885299895
rs73878970,0.30185331610732224,11.023705130854257
rs60411156,0.29980607631074646,13.610446267452415
rs9619555,0.2994745652408569,44.728355517638825
rs56099920,0.2946491345513344,10.43855496401516
rs2078727,0.29457536100378157,22.91300565433359
rs4820065,0.28730778692515146,29.86909424001015
rs11089954,0.2807253839008795,25.52230316438434
rs5995057,0.2784857537970973,9.044610061119908
rs57249443,0.27496906106575697,9.619413871797505
rs2015410,0.27299274315997213,19.287901207353645
rs2241231,0.2712179303778163,13.841705053794797
rs73418011,0.269444322763231,8.087885165407089
rs5762477,0.26744546085204335,13.800727798010787
rs59931752,0.2672925218044243,8.764082135052
rs6010587,0.2646377254151998,8.031257719497997
rs13054502,0.2628951609716641,11.559531780913053
rs139482412,0.2572513111982836,20.208638535591263
rs5757041,0.25364170588707124,41.21173931802163
rs78020146,0.25267787616249615,7.611120880067678
rs28563039,0.25145662627901527,21.44297530924859
rs67496760,0.25142306285607813,19.075542775877377
rs132633,0.24207865255538114,29.297951643613672
rs5999721,0.2383448791594227,7.956339552686001
rs5750519,0.23732397616682568,24.349951117040057
rs143801555,0.2368041509604658,8.457479689074319
rs2413127,0.23587113433229728,36.69812578661307
rs7284426,0.2342459136839847,7.291400767782945
rs5756362,0.2325663923076778,27.24920942991497
rs57676160,0.2325290559909245,10.251200465792461
rs8140312,0.23235036844840412,31.019425165833926
rs9623617,0.23205424490846843,18.823875560729554
rs6001645,0.23180700159654544,7.06289264239823
rs7286402,0.22993477263952475,22.360368710444583
rs7288567,0.2298877175382885,6.54811503865711
rs200228397,0.228731187741972,7.642321751896647
rs2284070,0.2280379942177889,6.205410560534697
rs3021222,0.22753801010885993,32.40622564296607
rs1056,0.22532944680167452,42.928423516536895
rs112020697,0.22366228343269348,22.710801055956317
rs6519142,0.223093329464889,16.34034047591231
rs653393,0.2230017727805353,23.91175689249618
rs5759571,0.22291440435007143,16.137529646233904
rs6002363,0.22169195680786014,10.688168877505031
rs5750202,0.2188504974157436,13.516014685417932
rs5994376,0.21776679660504109,27.642704935945535
rs8142884,0.21745024519085965,6.7762976389630065
rs12165638,0.2171928775477334,6.606869950956042
rs365856,0.2166285107791326,22.495299968205487
rs5759643,0.21483169496179758,32.477955866041825
rs5758631,0.21405315780528839,9.848132077244216
rs6005625,0.21305713649689167,14.450830572247705
rs5746413,0.21159212662942725,14.647432615499026
rs132650,0.21139974985573234,44.73420720807645
rs130949,0.2108000894626799,36.97922742119586
rs5994743,0.20833752308365416,29.13573341661887
rs16988005,0.20337856793384707,6.382433302738596
rs75986631,0.20173789427783884,13.822455302254296
rs56105589,0.1993465797685349,15.906415767063704
rs5749252,0.1992895149885795,7.631568186236
rs5750841,0.19779066224365938,36.523395893457135
rs968200,0.1961567028396508,21.41971713517257
rs201334615,0.1957637015865467,19.827540829861945
rs6009078,0.19541373649764712,6.378557111478445
rs12169353,0.19522733700310146,5.711190928242919
rs7285184,0.19450077020405526,6.355624583420194
rs57449190,0.19385208200316056,8.984778973730808
rs1107134,0.19294344725859125,28.427389624116667
rs5753474,0.19204223806711715,25.701240628865634
rs5761340,0.190365707526391,31.859680816178322
rs181332669,0.19025950103608796,18.180500835172474
rs4820646,0.18904431888276207,22.060621796541085
rs3747054,0.18697346893681782,10.513137974000344
rs5994653,0.18641121788550466,5.790703329935617
rs2240427,0.18615740086330818,7.894289533898989
rs6008210,0.18494631460022612,37.19098484567486
rs6002378,0.18459765581517468,49.91880755843188
rs131013,0.18418739713463303,23.854444036011923
rs73404538,0.1823952513423916,10.919781359137925
rs4822023,0.18198918095983616,9.239868748207714
rs373001,0.1807376524793311,30.308271472053967
rs114318131,0.18068615045163422,5.4217639091617755
rs1997769,0.17795718580400902,4.872215169108312
rs12160842,0.17771429065091704,5.351677588853504
rs34559683,0.17715114261067663,10.41100744295484
rs6001588,0.17710419659745608,50.95774151623377
rs7288904,0.17708429156771222,22.645899948427477
rs11914009,0.1754395922592561,5.595137675035668
rs200491307,0.17532624937428146,18.598757243764087
rs1007337,0.17272091311874,45.45952792231089
rs5760991,0.1722679847420233,17.99619484841327
rs12165406,0.17196226064651754,5.451469736000344
rs139043947,0.17133021825300424,1.9765004867764033
rs16997833,0.17059565938148893,4.973922511959194
rs848734,0.1705168459466278,41.809250638020764
rs145532952,0.17042962668871597,9.099779720255857
rs145056651,0.17039255680432375,7.531319749499058
rs5992829,0.16978165767300749,7.750508027041827
rs5756150,0.1690608228653048,25.09810656702941
rs141264630,0.16739062551415856,4.796403764252056
rs147597025,0.16638934630974225,7.622084248495556
rs4819761,0.1663010553825646,8.129374483682142
rs17766510,0.16567331124633938,5.748884738761334
rs2845390,0.1653003183523814,45.757224323087826
rs4481089,0.16510497659715068,16.57280635063609
rs5747129,0.16496771724017406,5.385883896477049
rs9615755,0.16493803211724567,42.111307106153625
rs73402647,0.16459878977163267,5.336456088785466
rs131689,0.16366931670354942,50.65012768597444
rs28682319,0.16357236979430873,25.64752800129682
rs9609286,0.1635699261185392,19.01395039693463
rs8139187,0.163099131079298,7.665017194669204
rs28363667,0.16300508436788924,5.2835272816508025
rs9618981,0.16283605891317252,5.1949828580876565
rs77490755,0.1623743742982797,4.877298631513468
rs9611279,0.16223221721811104,39.06564643137328
rs6010135,0.16211753583138472,5.188526126256267
rs5755430,0.1618950640273312,26.126389299626812
rs73163343,0.16108344967064256,5.89942736001121
rs5749695,0.16087354967189893,8.543869910407382
rs73887529,0.16078749210565832,4.822871220430661
rs9619928,0.15956571011160395,5.0073604608793
rs5999854,0.15932579346082507,38.4077214954258
rs9808878,0.15927720263702885,6.569900104847388
rs7286961,0.15848696219038974,24.078545140075565
rs910548,0.15816624150665876,22.346868296395055
rs745460,0.1579142954090634,31.065797090693092
rs73411597,0.15765533591281963,5.072376579339476
rs5996426,0.15732019293891378,4.870311561473897
22:45104959,0.15710939764626908,7.254335852950782
rs2858498,0.15704152970404278,53.370926730431485
rs132767,0.15688002809216614,51.03285987055409
rs5752315,0.15652367508037413,37.798586887341486
rs7284421,0.15646424753894497,4.911469984045106
rs483226,0.1564155324099941,21.51049835940341
rs12627790,0.15622667159607492,7.474882675248314
rs4823732,0.15617674887288763,36.2538738523456
rs9626454,0.1558280576138187,4.76933354292361
rs7285326,0.15545003675184177,4.649413582994579
rs695810,0.15522533815123685,25.681069769062383
rs2542023,0.1552126276692839,8.507538733791014
rs28402339,0.15509364962169417,24.242238505620048
rs151157970,0.15507675517814237,5.43903266884846
rs73178641,0.15468793540154238,7.059867256383499
rs9614269,0.15461079920583026,18.460825921340817
rs5754466,0.15400456331328144,37.27885586635993
rs73400633,0.15331765507016318,5.098089044086143
rs59926444,0.1526848541530443,6.0811008850221056
rs111855750,0.1526004166510426,4.880037855898405
rs2845422,0.1518338470826153,22.182925068589007
rs7291047,0.1514519619532429,43.55087074256369
rs73407218,0.1512158017174431,18.42971295901445
rs6009459,0.15107021889893735,15.815236952401444
rs3213527,0.15064976418308093,44.524342343164534
rs4140871,0.15050356188344471,20.227378778076083
rs5999657,0.15043525168282387,8.254848674291335
rs73400988,0.148988591779087,5.1512997281465465
rs190757009,0.14880223020902822,5.21660597131535
rs7511336,0.14836572584862046,43.76562044032368
rs1008801,0.14834147809072912,17.255586299665367
rs132508,0.148032310498718,43.70076088135885
rs8135130,0.14799944241196805,4.6375508108804215
rs133417,0.1476969342039426,6.389446000521631
rs5757275,0.1465847373223177,29.052733432998036
rs10712069,0.1462057410816812,4.794174916644676
rs137037,0.14590125028634918,29.26605337609737
rs4822385,0.14555669143892946,38.747720081930275
rs6002585,0.14478510054222135,4.8984685821822245
rs6009912,0.14451001901051977,4.661621298680894
rs112547062,0.1442935219166347,4.229718764038973
rs6008725,0.14415814479040534,4.809250253686921
rs5995995,0.14389483399798317,6.723037564249113
rs9615973,0.14383298753601495,9.99744165587663
rs5767574,0.14295893778921254,31.794774014014298
rs135628,0.14257395589106953,57.52084049032595
rs7289382,0.14253869175915201,8.037045223315072
rs133925,0.14222979862030255,32.18419305260056
rs57226694,0.14196677813226222,5.321494475546469
rs5769590,0.1416714503355949,8.282405539686707
rs58544256,0.14139771023834846,18.759213514910826
rs76097480,0.14089118871706166,4.769629985927034
rs116216235,0.1407850300995646,4.890466385079554
